[
  {
    "Time": "2019-01-07T00:00:00",
    "Steps": 1000,
    "Goal": 8000,
    "Calories": 75,
    "Distance": 700,
    "Pulse": 62,
    "CurrentWeather": "Unknown",
    "CurrentTemperature": null,
    "DayTemperature": -15,
    "NightTemperature": -24,
    "TomorrowDayTemperature": null,
    "TomorrowNightTemperature": null,
    "AirQuality": "Unknown",
    "AirQualityIndex": null,
    "BatteryLevel": 100,
    "Bluetooth": false,
    "Unlocked": false,
    "DoNotDisturb": false,
    "Alarm": false
  },
  {
    "Time": "2019-02-09T02:06:01",
    "Steps": 2000,
    "Goal": 8000,
    "Calories": 150,
    "Distance": 1400,
    "Pulse": 64,
    "CurrentWeather": "Unknown",
    "CurrentTemperature": null,
    "DayTemperature": -13,
    "NightTemperature": -20,
    "TomorrowDayTemperature": null,
    "TomorrowNightTemperature": null,
    "AirQuality": "Unknown",
    "AirQualityIndex": null,
    "BatteryLevel": 90,
    "Bluetooth": true,
    "Unlocked": false,
    "DoNotDisturb": false,
    "Alarm": false
  },
  {
    "Time": "2019-03-11T04:12:02",
    "Steps": 3000,
    "Goal": 8000,
    "Calories": 225,
    "Distance": 2100,
    "Pulse": 66,
    "CurrentWeather": "PartlyCloudy",
    "CurrentTemperature": 2,
    "DayTemperature": -11,
    "NightTemperature": -16,
    "TomorrowDayTemperature": null,
    "TomorrowNightTemperature": null,
    "AirQuality": "Good",
    "AirQualityIndex": 25,
    "BatteryLevel": 80,
    "Bluetooth": true,
    "Unlocked": true,
    "DoNotDisturb": false,
    "Alarm": false
  },
  {
    "Time": "2019-04-13T06:18:03",
    "Steps": 4000,
    "Goal": 8000,
    "Calories": 300,
    "Distance": 2800,
    "Pulse": 68,
    "CurrentWeather": "CloudyAndRain",
    "CurrentTemperature": 8,
    "DayTemperature": -9,
    "NightTemperature": -12,
    "TomorrowDayTemperature": null,
    "TomorrowNightTemperature": null,
    "AirQuality": "Light",
    "AirQualityIndex": 75,
    "BatteryLevel": 70,
    "Bluetooth": true,
    "Unlocked": true,
    "DoNotDisturb": false,
    "Alarm": true
  },
  {
    "Time": "2019-05-15T08:24:04",
    "Steps": 5000,
    "Goal": 8000,
    "Calories": 375,
    "Distance": 3500,
    "Pulse": 70,
    "CurrentWeather": "CloudyAndSnow",
    "CurrentTemperature": 14,
    "DayTemperature": -7,
    "NightTemperature": -8,
    "TomorrowDayTemperature": null,
    "TomorrowNightTemperature": null,
    "AirQuality": "Moderate",
    "AirQualityIndex": 125,
    "BatteryLevel": 60,
    "Bluetooth": true,
    "Unlocked": true,
    "DoNotDisturb": true,
    "Alarm": true
  },
  {
    "Time": "2019-06-17T10:30:05",
    "Steps": 6000,
    "Goal": 8000,
    "Calories": 450,
    "Distance": 4200,
    "Pulse": 72,
    "CurrentWeather": "Sunny",
    "CurrentTemperature": 20,
    "DayTemperature": -5,
    "NightTemperature": -4,
    "TomorrowDayTemperature": null,
    "TomorrowNightTemperature": null,
    "AirQuality": "Heavy",
    "AirQualityIndex": 175,
    "BatteryLevel": 50,
    "Bluetooth": false,
    "Unlocked": true,
    "DoNotDisturb": true,
    "Alarm": true
  },
  {
    "Time": "2019-07-19T12:36:06",
    "Steps": 7000,
    "Goal": 8000,
    "Calories": 525,
    "Distance": 4900,
    "Pulse": 74,
    "CurrentWeather": "Cloudy",
    "CurrentTemperature": 26,
    "DayTemperature": -3,
    "NightTemperature": 0,
    "TomorrowDayTemperature": null,
    "TomorrowNightTemperature": null,
    "AirQuality": "Critical",
    "AirQualityIndex": 225,
    "BatteryLevel": 40,
    "Bluetooth": false,
    "Unlocked": false,
    "DoNotDisturb": true,
    "Alarm": true
  },
  {
    "Time": "2019-08-21T14:42:07",
    "Steps": 8000,
    "Goal": 8000,
    "Calories": 600,
    "Distance": 5600,
    "Pulse": 76,
    "CurrentWeather": "LightRain",
    "CurrentTemperature": 32,
    "DayTemperature": -1,
    "NightTemperature": 4,
    "TomorrowDayTemperature": null,
    "TomorrowNightTemperature": null,
    "AirQuality": 6,
    "AirQualityIndex": 275,
    "BatteryLevel": 30,
    "Bluetooth": false,
    "Unlocked": false,
    "DoNotDisturb": true,
    "Alarm": false
  },
  {
    "Time": "2019-09-23T16:48:08",
    "Steps": 9000,
    "Goal": 8000,
    "Calories": 675,
    "Distance": 6300,
    "Pulse": 78,
    "CurrentWeather": "LightSnow",
    "CurrentTemperature": 38,
    "DayTemperature": 1,
    "NightTemperature": 8,
    "TomorrowDayTemperature": null,
    "TomorrowNightTemperature": null,
    "AirQuality": 7,
    "AirQualityIndex": 325,
    "BatteryLevel": 20,
    "Bluetooth": false,
    "Unlocked": false,
    "DoNotDisturb": false,
    "Alarm": false
  },
  {
    "Time": "2019-10-25T18:54:09",
    "Steps": 10000,
    "Goal": 8000,
    "Calories": 750,
    "Distance": 7000,
    "Pulse": 80,
    "CurrentWeather": "Rain",
    "CurrentTemperature": 44,
    "DayTemperature": 3,
    "NightTemperature": 12,
    "TomorrowDayTemperature": null,
    "TomorrowNightTemperature": null,
    "AirQuality": 8,
    "AirQualityIndex": 375,
    "BatteryLevel": 10,
    "Bluetooth": false,
    "Unlocked": false,
    "DoNotDisturb": false,
    "Alarm": false
  }
]